{"cameraMode":{"drawMode":0,"name":"Shaded","section":"Shading Mode"},"sceneLighting":true,"audioPlay":false,"sceneViewState":{"showFog":true,"showMaterialUpdate":false,"showSkybox":true,"showFlares":true,"showImageEffects":true,"showParticleSystems":true},"in2DMode":false,"pivot":{"x":-0.17529024183750153,"y":-1.8786263465881348,"z":0.6813737750053406},"rotation":{"x":-0.5131041407585144,"y":0.005661891307681799,"z":-0.003384764539077878,"w":-0.858301043510437},"size":2.9610342979431154,"orthographic":false}